<configuration scan="true">
    <appender name="STDOUT" class="ch.qos.logback.core.ConsoleAppender">
        <layout class="ch.qos.logback.classic.PatternLayout">
            <Pattern>%d{HH:mm:ss.SSS} [%thread] %-5level %logger{36} - %msg%n</Pattern>
        </layout>
    </appender>
    
        <appender name="FILE" class="ch.qos.logback.core.FileAppender">
        <file>info.log</file>
        <layout class="ch.qos.logback.classic.PatternLayout">
            <Pattern>%d{HH:mm:ss.SSS} [%thread] %-5level %logger{36} - %msg%n</Pattern>
        </layout>
    </appender>

    <root level="ALL">
        <appender-ref ref="FILE"/>
    </root>

    <logger name="fr" level="ALL"/>

</configuration>
